id,email_id,password,role,confirm
625ac99ffc13ae0e1800012c,rmurt0@forbes.com,4GWS8ckIA,manufacturer,true
625ac99ffc13ae0e1800012d,jkerfut1@weibo.com,IYzOl4w,manufacturer,true
625ac99ffc13ae0e1800012e,vlebarr2@cmu.edu,JbLl6Cv1D,manufacturer,true
625ac99ffc13ae0e1800012f,cbenbrick3@gnu.org,LgF2wlLJ,admin,true
625ac99ffc13ae0e18000130,lhousbie4@t-online.de,4xNa8aZ9wcE,warehouse,true
625ac99ffc13ae0e18000131,abratch5@youtube.com,6BELuxjYKJe,manufacturer,true
625ac99ffc13ae0e18000132,bdaintry6@newyorker.com,dax156,admin,true
625ac99ffc13ae0e18000133,birlam7@squidoo.com,DyObDcKYnHJ2,medicalStore,true
625ac99ffc13ae0e18000134,cespley8@twitter.com,QPZ5HLRQ,admin,true
625ac99ffc13ae0e18000135,pvarvell9@engadget.com,apwWtO75b,admin,true
625ac99ffc13ae0e18000136,caustena@ca.gov,kdkanYQTA,manufacturer,true
625ac99ffc13ae0e18000137,cnewarteb@qq.com,wB8JXws,medicalStore,true
625ac99ffc13ae0e18000138,hshoutec@japanpost.jp,j3lYPqZ,admin,true
625ac99ffc13ae0e18000139,bkytleyd@about.me,Se0eYc64HH6,warehouse,true
625ac99ffc13ae0e1800013a,sspellwarde@dailymotion.com,DWTMuT,admin,true
625ac99ffc13ae0e1800013b,ipickupf@barnesandnoble.com,EBIl1NZknP,warehouse,true
625ac99ffc13ae0e1800013c,lstuckeyg@sourceforge.net,w9hbyYj,admin,true
625ac99ffc13ae0e1800013d,mcapehornh@printfriendly.com,9IODbN7eAm4U,medicalStore,true
625ac99ffc13ae0e1800013e,avedmorei@weibo.com,xjEaTFR,manufacturer,true
625ac99ffc13ae0e1800013f,lughij@tinyurl.com,xB912t1PUomg,doctor,true
625ac99ffc13ae0e18000140,nsutcliffek@businesswire.com,WYPAKuydZzX7,warehouse,true
625ac99ffc13ae0e18000141,tcarlislel@tamu.edu,fUlIvHAM,manufacturer,true
625ac99ffc13ae0e18000142,rlahrsm@miibeian.gov.cn,8yxsQAgT5,medicalStore,true
625ac99ffc13ae0e18000143,sgecksn@eventbrite.com,zOGOOTJTU,doctor,true
625ac99ffc13ae0e18000144,rpickeno@skyrock.com,iwu2vSBiG3,medicalStore,true
625ac99ffc13ae0e18000145,lcraddockp@unblog.fr,58TRTc,warehouse,true
625ac99ffc13ae0e18000146,rbrooktonq@hugedomains.com,EFxNSG,doctor,true
625ac99ffc13ae0e18000147,ktomneyr@gnu.org,KW5TRrCb,manufacturer,true
625ac99ffc13ae0e18000148,ascutters@stumbleupon.com,nI7TIZKR,manufacturer,true
625ac99ffc13ae0e18000149,nmenichellit@wufoo.com,kVra3yMvY,doctor,true
625ac99ffc13ae0e1800014a,sleakneru@amazonaws.com,F6vtETB,manufacturer,true
625ac99ffc13ae0e1800014b,mscolesv@disqus.com,Ac8q2Qw4BiO9,admin,true
625ac99ffc13ae0e1800014c,wshadwickw@liveinternet.ru,aFtnDN,admin,true
625ac99ffc13ae0e1800014d,clapreex@amazonaws.com,C9SwOf,manufacturer,true
625ac99ffc13ae0e1800014e,dharty@reference.com,HarW0RBPx,doctor,true
625ac99ffc13ae0e1800014f,fspurdenz@time.com,Se9oybO,admin,true
625ac99ffc13ae0e18000150,csiaspinski10@twitpic.com,93yHhxIYMGwz,warehouse,true
625ac99ffc13ae0e18000151,swilsey11@indiatimes.com,Ro5hdCjkEE,medicalStore,true
625ac99ffc13ae0e18000152,epetrescu12@seesaa.net,lcxo7BhS,medicalStore,true
625ac99ffc13ae0e18000153,etevlin13@google.nl,M6iCkjQkE,admin,true
625ac99ffc13ae0e18000154,aashcroft14@mysql.com,QgZfbKZZ91,admin,true
625ac99ffc13ae0e18000155,edawtre15@who.int,i5HazyUu9I,admin,true
625ac99ffc13ae0e18000156,nfearon16@shinystat.com,3Y7uwpZu5kx,manufacturer,true
625ac99ffc13ae0e18000157,czellick17@qq.com,BKkFtD7,admin,true
625ac99ffc13ae0e18000158,bhickeringill18@abc.net.au,UY6PK7,medicalStore,true
625ac99ffc13ae0e18000159,ndriffield19@clickbank.net,FkuUs6Ni3,admin,true
625ac99ffc13ae0e1800015a,kantonopoulos1a@t.co,qxHAGyzVgvdT,admin,true
625ac99ffc13ae0e1800015b,agiraudat1b@themeforest.net,JRVKPunwxT3,admin,true
625ac99ffc13ae0e1800015c,gcummungs1c@imdb.com,SBZgT8XPu,medicalStore,true
625ac99ffc13ae0e1800015d,jswanton1d@github.io,3WIGYxUrwl5T,medicalStore,true
